{"version":"1","pip_version":"25.0.1","install":[{"download_info":{"url":"https://files.pythonhosted.org/packages/88/ef/eb23f262cca3c0c4eb7ab1933c3b1f03d021f2c48f54763065b6f0e321be/packaging-24.2-py3-none-any.whl","archive_info":{"hash":"sha256=09abb1bccd265c01f4a3aa3f7a7db064b36514d2cba19a2f694fe6150451a759","hashes":{"sha256":"09abb1bccd265c01f4a3aa3f7a7db064b36514d2cba19a2f694fe6150451a759"}}},"is_direct":false,"is_yanked":false,"requested":true,"metadata":{"metadata_version":"2.3","name":"packaging","version":"24.2","summary":"Core utilities for Python packages","description_content_type":"text/x-rst","author_email":"Donald Stufft <donald@stufft.io>","classifier":["Development Status :: 5 - Production/Stable","Intended Audience :: Developers","License :: OSI Approved :: Apache Software License","License :: OSI Approved :: BSD License","Programming Language :: Python","Programming Language :: Python :: 3","Programming Language :: Python :: 3 :: Only","Programming Language :: Python :: 3.8","Programming Language :: Python :: 3.9","Programming Language :: Python :: 3.10","Programming Language :: Python :: 3.11","Programming Language :: Python :: 3.12","Programming Language :: Python :: 3.13","Programming Language :: Python :: Implementation :: CPython","Programming Language :: Python :: Implementation :: PyPy","Typing :: Typed"],"requires_python":">=3.8","project_url":["Documentation, https://packaging.pypa.io/","Source, https://github.com/pypa/packaging"],"description":"packaging\n=========\n\n.. start-intro\n\nReusable core utilities for various Python Packaging\n`interoperability specifications <https://packaging.python.org/specifications/>`_.\n\nThis library provides utilities that implement the interoperability\nspecifications which have clearly one correct behaviour (eg: :pep:`440`)\nor benefit greatly from having a single shared implementation (eg: :pep:`425`).\n\n.. end-intro\n\nThe ``packaging`` project includes the following: version handling, specifiers,\nmarkers, requirements, tags, utilities.\n\nDocumentation\n-------------\n\nThe `documentation`_ provides information and the API for the following:\n\n- Version Handling\n- Specifiers\n- Markers\n- Requirements\n- Tags\n- Utilities\n\nInstallation\n------------\n\nUse ``pip`` to install these utilities::\n\n    pip install packaging\n\nThe ``packaging`` library uses calendar-based versioning (``YY.N``).\n\nDiscussion\n----------\n\nIf you run into bugs, you can file them in our `issue tracker`_.\n\nYou can also join ``#pypa`` on Freenode to ask questions or get involved.\n\n\n.. _`documentation`: https://packaging.pypa.io/\n.. _`issue tracker`: https://github.com/pypa/packaging/issues\n\n\nCode of Conduct\n---------------\n\nEveryone interacting in the packaging project's codebases, issue trackers, chat\nrooms, and mailing lists is expected to follow the `PSF Code of Conduct`_.\n\n.. _PSF Code of Conduct: https://github.com/pypa/.github/blob/main/CODE_OF_CONDUCT.md\n\nContributing\n------------\n\nThe ``CONTRIBUTING.rst`` file outlines how to contribute to this project as\nwell as how to report a potential security issue. The documentation for this\nproject also covers information about `project development`_ and `security`_.\n\n.. _`project development`: https://packaging.pypa.io/en/latest/development/\n.. _`security`: https://packaging.pypa.io/en/latest/security/\n\nProject History\n---------------\n\nPlease review the ``CHANGELOG.rst`` file or the `Changelog documentation`_ for\nrecent changes and project history.\n\n.. _`Changelog documentation`: https://packaging.pypa.io/en/latest/changelog/\n\n"}}],"environment":{"implementation_name":"cpython","implementation_version":"3.9.21","os_name":"posix","platform_machine":"x86_64","platform_release":"6.8.0-1025-azure","platform_system":"Linux","platform_version":"#30~22.04.1-Ubuntu SMP Wed Mar 12 15:28:20 UTC 2025","python_full_version":"3.9.21","platform_python_implementation":"CPython","python_version":"3.9","sys_platform":"linux"}}
