{"debugpy.command.clearCacheAndReload.title":"캐시 지우기 및 창 다시 로드","debugpy.command.debugInTerminal.title":"Python 디버거: Python 파일 디버그","debugpy.command.debugUsingLaunchConfig.title":"Python 디버거: launch.json을 사용하여 디버그","debugpy.command.reportIssue.title":"문제 보고...","debugpy.command.viewOutput.title":"출력 표시","debugpy.debugJustMyCode.description":"디버깅할 때 사용자가 작성한 코드만 단계별로 실행합니다. 라이브러리 코드를 한 단계씩 실행할 수 있게 하려면 이 기능을 비활성화하세요.","debugpy.showPythonInlineValues.description":"디버깅하는 동안 편집기에서 인라인 값을 표시할지 여부를 지정합니다."}
