{"debugpy.command.clearCacheAndReload.title":"Önbelleği Temizleme ve Pencereyi Yeniden Yükleme","debugpy.command.debugInTerminal.title":"Python Hata Ayıklayıcı: Python Dosyasında Hata Ayıklama","debugpy.command.debugUsingLaunchConfig.title":"Python Hata Ayıklayıcı: launch.json kullanarak hata ayıklama","debugpy.command.reportIssue.title":"Sorun Bildir...","debugpy.command.viewOutput.title":"Çıkışı Göster","debugpy.debugJustMyCode.description":"Hata ayıklama sırasında yalnızca kullanıcı tarafından yazılan kod adımlarını izleyin. Kitaplık kodu adımlarını izlemeye izin vermek için bunu devre dışı bırakın.","debugpy.showPythonInlineValues.description":"Hata ayıklama sırasında satır içi değerlerin düzenleyicide gösterilip gösterilmeyeceğini belirler."}
