{"debugpy.command.clearCacheAndReload.title":"Wyczyść pamięć podręczną i załaduj ponownie okno","debugpy.command.debugInTerminal.title":"Debuger języka Python: debugowanie pliku języka Python","debugpy.command.debugUsingLaunchConfig.title":"Debuger języka Python: debugowanie przy użyciu pliku launch.json","debugpy.command.reportIssue.title":"Zgłoś problem...","debugpy.command.viewOutput.title":"Pokaż dane wyjściowe","debugpy.debugJustMyCode.description":"Podczas debugowania przejdź przez kod napisany przez użytkownika. Wyłącz tę opcję, aby umożliwić przechodzenie do kodu biblioteki.","debugpy.showPythonInlineValues.description":"Określa, czy wyświetlać wartości śródwierszowe w edytorze podczas debugowania."}
