{"debugpy.command.clearCacheAndReload.title":"Çlëær Çæçhë æñð Rëløæð Wïñðøw","debugpy.command.debugInTerminal.title":"Pÿthøñ Ðëþµggër: Ðëþµg Pÿthøñ Fïlë","debugpy.command.debugUsingLaunchConfig.title":"Pÿthøñ Ðëþµggër: Ðëþµg µsïñg læµñçh.jsøñ","debugpy.command.reportIssue.title":"Rëpørt Ïssµë...","debugpy.command.viewOutput.title":"§høw Øµtpµt","debugpy.debugJustMyCode.description":"Whëñ ðëþµggïñg øñlÿ stëp thrøµgh µsër-wrïttëñ çøðë. Ðïsæþlë thïs tø ælløw stëppïñg ïñtø lïþrærÿ çøðë.","debugpy.showPythonInlineValues.description":"Whëthër tø ðïsplæÿ ïñlïñë vælµës ïñ thë ëðïtør whïlë ðëþµggïñg."}
