{"debugpy.command.clearCacheAndReload.title":"Cancella la cache e ricarica la finestra","debugpy.command.debugInTerminal.title":"Debugger Python: esegui il debug di un file Python","debugpy.command.debugUsingLaunchConfig.title":"Debugger Python: esegui il debug con launch.json","debugpy.command.reportIssue.title":"Segnala problema...","debugpy.command.viewOutput.title":"Mostra output","debugpy.debugJustMyCode.description":"Durante il debug, eseguire solo il codice scritto dall'utente. Disabilitare questa opzione per consentire l'esecuzione di istruzioni nel codice della libreria.","debugpy.showPythonInlineValues.description":"Indica se visualizzare i valori inline nell'editor durante il debug."}
