{"debugpy.command.clearCacheAndReload.title":"Effacer le cache et recharger la fenêtre","debugpy.command.debugInTerminal.title":"Débogueur Python : déboguer un fichier Python","debugpy.command.debugUsingLaunchConfig.title":"Débogueur Python : déboguer à l’aide de launch.json","debugpy.command.reportIssue.title":"Signaler un problème...","debugpy.command.viewOutput.title":"Afficher la sortie","debugpy.debugJustMyCode.description":"Lors du débogage, parcourez uniquement le code écrit par l'utilisateur. Désactivez cette option pour permettre d'accéder au code de la bibliothèque.","debugpy.showPythonInlineValues.description":"Indique s’il faut afficher les valeurs inline dans l’éditeur pendant le débogage."}
