{"debugpy.command.clearCacheAndReload.title":"キャッシュのクリアとウィンドウの再読み込み","debugpy.command.debugInTerminal.title":"Python デバッガー: Python ファイルのデバッグ","debugpy.command.debugUsingLaunchConfig.title":"Python デバッガー: launch.json を使用したデバッグ","debugpy.command.reportIssue.title":"問題の報告...","debugpy.command.viewOutput.title":"出力の表示","debugpy.debugJustMyCode.description":"ユーザーが作成したコードを使ったステップのみをデバッグする場合。これを無効にすると、ライブラリ コードにステップ インできるようになります。","debugpy.showPythonInlineValues.description":"デバッグ中にエディターにインライン値を表示するかどうか。"}
