{"debugpy.command.clearCacheAndReload.title":"Fenster \"Cache löschen und neu laden\"","debugpy.command.debugInTerminal.title":"Python-Debugger: Python-Datei debuggen","debugpy.command.debugUsingLaunchConfig.title":"Python-Debugger: Debuggen mithilfe von launch.json","debugpy.command.reportIssue.title":"Problem melden...","debugpy.command.viewOutput.title":"Ausgabe Anzeigen","debugpy.debugJustMyCode.description":"Beim Debuggen nur vom Benutzer geschriebenen Code durchlaufen. Deaktivieren Sie diese Option, um das Durchlaufen von Bibliothekscode zuzulassen.","debugpy.showPythonInlineValues.description":"Gibt an, ob beim Debuggen Inlinewerte im Editor angezeigt werden sollen."}
