{"debugpy.command.clearCacheAndReload.title":"Vymazat okno Mezipaměti a Znovu načíst","debugpy.command.debugInTerminal.title":"Ladicí program Pythonu: Ladit soubor Pythonu","debugpy.command.debugUsingLaunchConfig.title":"Ladicí program Pythonu: Ladit pomocí souboru launch.json","debugpy.command.reportIssue.title":"Nahlásit problém…","debugpy.command.viewOutput.title":"Zobrazit výstup","debugpy.debugJustMyCode.description":"Při ladění proveďte krokování s vnořením pouze do uživatelem napsaného kódu. Pokud chcete povolit krokování s vnořením do kódu knihovny, tuto možnost zakažte.","debugpy.showPythonInlineValues.description":"Určuje, jestli se mají při ladění zobrazovat vložené hodnoty v editoru."}
