{"debugpy.command.clearCacheAndReload.title":"清除快取並重新載入視窗","debugpy.command.debugInTerminal.title":"Python 偵錯工具: 偵錯 Python 檔案","debugpy.command.debugUsingLaunchConfig.title":"Python 偵錯工具: 使用 launch.json 進行偵錯","debugpy.command.reportIssue.title":"回報問題...","debugpy.command.viewOutput.title":"顯示輸出","debugpy.debugJustMyCode.description":"偵錯時，僅逐步執行使用者寫入的程式碼。停用此選項以允許逐步執行程式庫程式碼。","debugpy.showPythonInlineValues.description":"是否要在偵錯時於編輯器中顯示內嵌值。"}
