{"debugpy.command.clearCacheAndReload.title":"Borrar la caché y volver a cargar la ventana","debugpy.command.debugInTerminal.title":"Depurador de Python: depurar archivo de Python","debugpy.command.debugUsingLaunchConfig.title":"Depurador de Python: depurar mediante launch.json","debugpy.command.reportIssue.title":"Notificar problema...","debugpy.command.viewOutput.title":"Mostrar salida","debugpy.debugJustMyCode.description":"Al depurar, solo recorrer el código escrito por el usuario. Deshabilite esta opción para permitir recorrer el código de biblioteca.","debugpy.showPythonInlineValues.description":"Si se desean mostrar los valores en línea en el editor durante la depuración."}
