{"debugpy.command.clearCacheAndReload.title":"Limpar Cache e Recarregar Janela","debugpy.command.debugInTerminal.title":"Depurador do Python: Depurar Arquivo Python","debugpy.command.debugUsingLaunchConfig.title":"Depurador do Python: depurar usando launch.json","debugpy.command.reportIssue.title":"Relatar um Problema...","debugpy.command.viewOutput.title":"Mostrar Saída","debugpy.debugJustMyCode.description":"Ao depurar, apenas percorra o código escrito pelo usuário. Desabilite isso para permitir a entrada no código da biblioteca.","debugpy.showPythonInlineValues.description":"Se desejar exibir valores em linha no editor durante a depuração."}
