{"debugpy.command.clearCacheAndReload.title":"Очистить кэш и перезагрузить окно","debugpy.command.debugInTerminal.title":"Отладчик Python: отладка файла Python","debugpy.command.debugUsingLaunchConfig.title":"Отладчик Python: отладка с помощью launch.json","debugpy.command.reportIssue.title":"Сообщить о проблеме…","debugpy.command.viewOutput.title":"Показать выходные данные","debugpy.debugJustMyCode.description":"При отладке выполнять только обход написанного пользователем кода. Отключите этот параметр, чтобы разрешить обход кода библиотеки.","debugpy.showPythonInlineValues.description":"Следует ли отображать встроенные значения в редакторе при отладке."}
