{"events":{"ms-python.debugpydebug.success_activation":{"codeloadingtime":{"classification":"SystemMetaData","purpose":"FeatureInsight","owner":"eleanorjboyd"},"errorname":{"classification":"CallstackOrException","purpose":"PerformanceAndHealth","owner":"eleanorjboyd"}},"ms-python.debugpydebug_in_terminal_button":{"owner":"eleanorjboyd"},"ms-python.debugpydebug_using_launch_config_button":{"owner":"eleanorjboyd"},"ms-python.debugpydebug_adapter.using_wheels_path":{"usingwheels":{"classification":"SystemMetaData","purpose":"FeatureInsight","owner":"eleanorjboyd"}},"ms-python.debugpydebug_session.start":{"duration":{"classification":"SystemMetaData","purpose":"FeatureInsight","owner":"eleanorjboyd"},"trigger":{"classification":"SystemMetaData","purpose":"PerformanceAndHealth","owner":"eleanorjboyd"},"console":{"classification":"SystemMetaData","purpose":"PerformanceAndHealth","owner":"eleanorjboyd"}},"ms-python.debugpydebug_session.error":{"duration":{"classification":"SystemMetaData","purpose":"FeatureInsight","owner":"eleanorjboyd"},"trigger":{"classification":"SystemMetaData","purpose":"PerformanceAndHealth","owner":"eleanorjboyd"},"console":{"classification":"SystemMetaData","purpose":"PerformanceAndHealth","owner":"eleanorjboyd"}},"ms-python.debugpydebug_session.stop":{"duration":{"classification":"SystemMetaData","purpose":"FeatureInsight","owner":"eleanorjboyd"},"trigger":{"classification":"SystemMetaData","purpose":"PerformanceAndHealth","owner":"eleanorjboyd"},"console":{"classification":"SystemMetaData","purpose":"PerformanceAndHealth","owner":"eleanorjboyd"}},"ms-python.debugpydebug_session.user_code_running":{"duration":{"classification":"SystemMetaData","purpose":"FeatureInsight","owner":"eleanorjboyd"},"trigger":{"classification":"SystemMetaData","purpose":"PerformanceAndHealth","owner":"eleanorjboyd"},"console":{"classification":"SystemMetaData","purpose":"PerformanceAndHealth","owner":"eleanorjboyd"}},"ms-python.debugpydebugger":{"trigger":{"classification":"SystemMetaData","purpose":"FeatureInsight","owner":"eleanorjboyd"},"console":{"classification":"SystemMetaData","purpose":"FeatureInsight","owner":"eleanorjboyd"},"hasenvvars":{"classification":"SystemMetaData","purpose":"FeatureInsight","owner":"eleanorjboyd"},"hasargs":{"classification":"SystemMetaData","purpose":"FeatureInsight","owner":"eleanorjboyd"},"django":{"classification":"SystemMetaData","purpose":"FeatureInsight","owner":"eleanorjboyd"},"fastapi":{"classification":"SystemMetaData","purpose":"FeatureInsight","owner":"eleanorjboyd"},"flask":{"classification":"SystemMetaData","purpose":"FeatureInsight","owner":"eleanorjboyd"},"jinja":{"classification":"SystemMetaData","purpose":"FeatureInsight","owner":"eleanorjboyd"},"islocalhost":{"classification":"SystemMetaData","purpose":"FeatureInsight","owner":"eleanorjboyd"},"ismodule":{"classification":"SystemMetaData","purpose":"FeatureInsight","owner":"eleanorjboyd"},"issudo":{"classification":"SystemMetaData","purpose":"FeatureInsight","owner":"eleanorjboyd"},"stoponentry":{"classification":"SystemMetaData","purpose":"FeatureInsight","owner":"eleanorjboyd"},"showreturnvalue":{"classification":"SystemMetaData","purpose":"FeatureInsight","owner":"eleanorjboyd"},"pyramid":{"classification":"SystemMetaData","purpose":"FeatureInsight","owner":"eleanorjboyd"},"subprocess":{"classification":"SystemMetaData","purpose":"FeatureInsight","owner":"eleanorjboyd"},"watson":{"classification":"SystemMetaData","purpose":"FeatureInsight","owner":"eleanorjboyd"},"pyspark":{"classification":"SystemMetaData","purpose":"FeatureInsight","owner":"eleanorjboyd"},"gevent":{"classification":"SystemMetaData","purpose":"FeatureInsight","owner":"eleanorjboyd"},"scrapy":{"classification":"SystemMetaData","purpose":"FeatureInsight","owner":"eleanorjboyd"}},"ms-python.debugpydebugger.attach_to_child_process":{"duration":{"classification":"SystemMetaData","purpose":"FeatureInsight","owner":"eleanorjboyd","isMeasurement":true}},"ms-python.debugpydebugger.attach_to_local_process":{"owner":"eleanorjboyd"},"ms-python.debugpydebugger.configuration.prompts":{"configurationtype":{"classification":"SystemMetaData","purpose":"FeatureInsight","owner":"eleanorjboyd"},"autodetecteddjangomanagepypath":{"classification":"SystemMetaData","purpose":"FeatureInsight","owner":"eleanorjboyd"},"autodetectedpyramidinipath":{"classification":"SystemMetaData","purpose":"FeatureInsight","owner":"eleanorjboyd"},"autodetectedfastapimainpypath":{"classification":"SystemMetaData","purpose":"FeatureInsight","owner":"eleanorjboyd"},"autodetectedflaskapppypath":{"classification":"SystemMetaData","purpose":"FeatureInsight","owner":"eleanorjboyd"},"manuallyenteredavalue":{"classification":"SystemMetaData","purpose":"FeatureInsight","owner":"eleanorjboyd"},"browsefilevalue":{"classification":"SystemMetaData","purpose":"FeatureInsight","owner":"eleanorjboyd"}},"ms-python.debugpydebugger.configuration.prompts.in.launch.json":{"owner":"eleanorjboyd"},"ms-python.debugpyenvfile_variable_substitution":{"owner":"karthiknadig"},"ms-python.debugpyuse_report_issue_command":{"owner":"eleanorjboyd"},"ms-python.debugpydebugger_dynamic_config":{"owner":"eleanorjboyd"},"ms-python.debugpyDEBUGGER_PYTHON_37_DEPRECATED":{"owner":"eleanorjboyd"},"ms-python.debugpyDEBUGGER_SHOW_PYTHON_INLINE_VALUES":{"owner":"eleanorjboyd"}},"commonProperties":{}}
